Name,Address,City,State,Zipcode
Sandra Miller,"880 David Divide Suite 008
Davisborough, FL 09422",Ashleyshire,AK,81997
Ellen Coleman,"89561 Martinez Skyway Apt. 134
Lake Olivia, VI 02598",East Cynthia,TN,65281
Dylan Phillips,"55302 Sexton Rapid Apt. 472
Christinemouth, WA 19610",Lewismouth,DC,33847
Cory Ayers,"302 Gabrielle Falls Suite 226
Staffordview, WV 33252",Richardsonshire,DC,42414
Michael Adams,"5335 Mariah Courts
Katherineport, KY 25484",Mcclainton,ND,82062
Denise Barajas,"71737 Duncan Station Apt. 152
Donaldtown, SC 78986",Andersonville,UT,06817
Juan Nguyen,"56225 Philip Throughway
Williamsbury, OR 01818",South Melanie,NH,25691
Shannon Bradley,"924 Barton Parks Apt. 867
Randolphland, NJ 10666",West Jeremyborough,HI,34639
Ryan Fields,"2244 Barrera Divide
Theresamouth, MS 78105",West Coryville,SD,65072
Dr. Daniel Lowe,"2330 Kennedy Spurs
Mitchellshire, FL 77383",Kelliefort,NY,41336
Linda Bradley,"54114 Tyler Courts
East Andrea, IN 46832",New Christopherberg,PW,78444
Cassidy Welch,"9803 Park Gardens Apt. 472
West Veronica, ME 39511",Sarahfurt,GU,98652
Rebecca Murray,"055 Cindy Grove
Tommouth, VA 62163",Bettyfurt,AR,19050
Justin Sheppard,"1342 Edward Village Apt. 723
South Spencer, DE 38926",South Johnton,NV,89644
Wanda Wallace,"5873 Chapman Fork Apt. 372
East Willieberg, VA 17164",North Albertfort,AZ,14846
Valerie Martin,"4725 Dustin Roads
Moorefort, AS 35841",Wandashire,TX,17373
Alan Camacho,"80295 Veronica Terrace
South Ashleyhaven, WY 97276",Emilyberg,NC,58129
Elizabeth Kirby,"96461 Robert Village Suite 071
Larrybury, WV 19621",Lake Jessicafurt,OR,36106
Peggy Johnson,"Unit 2903 Box 4369
DPO AE 57906",North Davidborough,WA,57728
Christopher Perkins,"37496 Moon Drive
Jeffreyview, MP 67318",West Ashley,NH,55310
