Name,Address,City,State,Zipcode
Samantha Cruz,847 Clark Expressway Apt. 952,New Frankchester,NY,82558-2864
Nicholas Thomas,854 Hayes Valley,Apt. 545,Smithmouth,AK,33554
Kenneth Gonzales,2170 Smith Spurs Suite 648,West Ericaport,AR,44739-4226
Morgan Lewis,542 Smith Villages,Suite 292,West Amy,MT,83732-4754
Jessica Larson,88302 Todd Mission Apt. 568,New Jennifer,AL,76477
Jared Rodriguez,3971 David Hill Apt. 169,South Josephhaven,PA,14063-0295
Mackenzie Vaughn,93678 Teresa Flat,Suite 826,West Eric,AL,19210-6895
David Johnson,225 Kristin Cliffs Suite 572,East Kelsey,RI,73149-0516
Megan Jackson,49606 Scott Expressway Apt. 143,North Christinabury,IL,38779
Thomas Young,1295 Sharon Stravenue,East Angelachester,CO,51386
Amanda Velasquez,1939 Dylan Village,Suite 346,West Jeremy,LA,71912-3774
Melinda Villanueva,291 Tyler Ramp Suite 425,Port Brian,MS,78468-7979
Gregory Ross,9651 Alicia Row,Lake Jeffreytown,MO,38244-3949
Andrea Wilson,1958 Johnson Station Suite 198,Lake Ericburgh,NJ,65054
James Stewart,17317 Haley Gateway Apt. 740,West Kennethland,PA,59013
Nicholas Smith,21183 Jennifer Path Suite 471,North Cynthiaborough,NE,24455-4656
Hannah Hunter,8578 Alexis Hollow Apt. 117,Port Daviston,KS,15984
Jennifer Romero,332 Patricia Burg Apt. 102,New Sean,IL,14798
Victoria Williams,3454 James Port Apt. 298,South Crystal,OK,18721-0571
